dma_code,dma_name,state,lat,lon,adoption_rate,household_count
501,New York,NY,40.7128,-74.006,0.0857,2896506
803,Los Angeles,CA,34.0522,-118.2437,0.0721,3492019
602,Chicago,IL,41.8781,-87.6298,0.0702,787639
504,Philadelphia,PA,39.9526,-75.1652,0.073,969620
623,Dallas-Ft. Worth,TX,32.7767,-96.797,0.0947,666530
807,San Francisco,CA,37.7749,-122.4194,0.0744,1981018
506,Boston,MA,42.3601,-71.0589,0.0684,3817683
524,Atlanta,GA,33.749,-84.388,0.0902,2198827
618,Houston,TX,29.7604,-95.3698,0.0841,3741125
511,Washington DC,DC,38.9072,-77.0369,0.0867,1218526
753,Phoenix,AZ,33.4484,-112.074,0.0897,698936
539,Tampa,FL,27.9506,-82.4572,0.0926,3507597
819,Seattle,WA,47.6062,-122.3321,0.0611,2034568
505,Detroit,MI,42.3314,-83.0458,0.0715,1297151
613,Minneapolis,MN,44.9778,-93.265,0.0623,1390099
528,Miami,FL,25.7617,-80.1918,0.1016,2767733
751,Denver,CO,39.7392,-104.9903,0.0643,1696042
534,Orlando,FL,28.5383,-81.3792,0.0908,1755976
510,Cleveland,OH,41.4993,-81.6944,0.0725,706712
862,Sacramento,CA,38.5816,-121.4944,0.066,1907706
609,St. Louis,MO,38.627,-90.1994,0.0771,3766904
820,Portland OR,OR,45.5152,-122.6784,0.0615,4085751
508,Pittsburgh,PA,40.4406,-79.9959,0.068,3981586
517,Charlotte,NC,35.2271,-80.8431,0.0885,2263953
560,Raleigh-Durham,NC,35.7796,-78.6382,0.0776,2227629
527,Indianapolis,IN,39.7684,-86.1581,0.0782,2698672
512,Baltimore,MD,39.2904,-76.6122,0.0788,3061282
825,San Diego,CA,32.7157,-117.1611,0.0698,2595397
659,Nashville,TN,36.1627,-86.7816,0.0808,794053
533,Hartford,CT,41.7658,-72.6734,0.0686,3687468
616,Kansas City,MO,39.0997,-94.5786,0.0714,3049372
535,Columbus OH,OH,39.9612,-82.9988,0.0754,4281719
770,Salt Lake City,UT,40.7608,-111.891,0.0595,831127
515,Cincinnati,OH,39.1031,-84.512,0.0718,2811904
617,Milwaukee,WI,43.0389,-87.9065,0.0666,3117509
641,San Antonio,TX,29.4241,-98.4936,0.0794,4006927
548,West Palm Beach,FL,26.7153,-80.0534,0.1034,965140
839,Las Vegas,NV,36.1699,-115.1398,0.0887,4157025
635,Austin,TX,30.2672,-97.7431,0.0755,725259
561,Jacksonville,FL,30.3322,-81.6557,0.0913,2777174
630,Birmingham AL,AL,33.5186,-86.8104,0.0861,3918305
640,Memphis,TN,35.1495,-90.049,0.0852,3416253
650,Oklahoma City,OK,35.4676,-97.5164,0.0762,3090891
567,Greenville SC,SC,34.8526,-82.394,0.0818,4052980
529,Louisville,KY,38.2527,-85.7585,0.079,1162270
622,New Orleans,LA,29.9511,-90.0715,0.0873,2010459
514,Buffalo,NY,42.8864,-78.8784,0.0686,1264984
790,Albuquerque,NM,35.0844,-106.6504,0.0623,3517807
789,Tucson,AZ,32.2226,-110.9747,0.0747,4345000
556,Richmond,VA,37.5407,-77.436,0.0772,3948057
881,Spokane,WA,30.6701,-101.7655,0.0533,333473
757,Boise,ID,36.0983,-105.1378,0.0534,244460
679,Des Moines,IA,30.943,-113.7178,0.0737,166612
652,Omaha,NE,28.2352,-82.9386,0.0648,140600
671,Tulsa,OK,28.0798,-102.3095,0.0529,238595
678,Wichita,KS,34.2129,-116.1019,0.0633,315265
693,Little Rock,AR,40.7718,-87.2301,0.0735,284412
669,Madison,WI,43.2094,-80.8979,0.072,338219
557,Knoxville,TN,35.7801,-117.1338,0.0568,377550
541,Lexington,KY,31.7169,-75.7206,0.057,276015
573,Roanoke,VA,34.631,-119.5289,0.0499,45122
686,Mobile,AL,38.4641,-77.3994,0.062,366775
612,Shreveport,LA,45.0495,-93.1388,0.0458,122883
765,El Paso,TX,46.6316,-93.6929,0.064,293591
744,Honolulu,HI,44.5543,-75.3242,0.0487,289312
743,Anchorage,AK,34.0811,-115.2265,0.0594,224639
523,Burlington VT,VT,37.3331,-89.4733,0.0672,315707
500,Portland ME,ME,46.5442,-97.1719,0.0457,121861
519,Charleston SC,SC,45.8258,-86.3673,0.0657,201284
507,Savannah,GA,44.8348,-89.2788,0.0744,181899
718,Jackson MS,MS,45.711,-105.2823,0.0606,161807
724,Fargo,ND,43.1916,-106.5057,0.061,161938
725,Sioux Falls,SD,43.3738,-86.3588,0.0634,147312
759,Cheyenne,WY,43.9575,-87.226,0.0692,163876
537,Bangor,ME,37.6092,-87.6428,0.051,59647
722,Lincoln NE,NE,37.2087,-112.8987,0.0687,362267
619,Springfield MO,MO,36.7209,-77.96,0.0737,228248
547,Toledo,OH,35.1104,-111.6383,0.0737,163932
542,Dayton,OH,34.5859,-99.3153,0.0591,364953
563,Grand Rapids,MI,37.3497,-91.31,0.0702,89448
551,Lansing,MI,30.3381,-103.7388,0.07,149500
658,Green Bay,WI,31.4812,-84.9106,0.0593,219334
538,Rochester NY,NY,46.4502,-88.0742,0.0476,287829
555,Syracuse,NY,46.4625,-87.9345,0.057,134130
532,Albany NY,NY,28.5372,-94.2318,0.0748,288979
521,Providence,RI,30.8504,-83.154,0.0692,293699
544,Norfolk,VA,34.8329,-96.213,0.0647,113673
518,Greensboro,NC,43.5875,-87.8606,0.0456,98882
550,Wilmington NC,NC,46.2057,-101.611,0.0608,147134
546,Columbia SC,SC,32.1153,-110.1638,0.0698,198598
520,Augusta GA,GA,42.8918,-106.6785,0.06,330397
503,Macon,GA,30.5559,-79.2292,0.0576,230484
530,Tallahassee,FL,40.9183,-83.6928,0.0719,315931
571,Ft. Myers,FL,45.8956,-98.4225,0.0576,323829
4173,Pensacola,FL,28.3647,-101.3141,0.0607,141001
651,Lubbock,TX,43.1328,-114.9593,0.0633,119217
634,Amarillo,TX,42.1413,-95.8456,0.0592,215908
600,Corpus Christi,TX,38.3492,-99.3231,0.0655,100631
811,Reno,NV,29.108,-113.0086,0.0715,67124
801,Eugene,OR,37.9004,-95.5987,0.0682,78223
810,Yakima,WA,39.9443,-98.239,0.0583,313520
756,Billings,MT,33.4051,-98.1167,0.051,295628
762,Missoula,MT,32.8293,-97.4091,0.0602,181101
758,Idaho Falls,ID,45.4087,-112.4783,0.0727,279633
767,Casper,WY,30.3716,-101.2204,0.0491,83035
773,Grand Junction,CO,36.3526,-112.0036,0.0651,203743
752,Colorado Springs,CO,45.492,-114.741,0.0685,236985
605,Topeka,KS,45.2152,-76.5254,0.0493,160127
545,Fayetteville NC,NC,29.8354,-80.4082,0.0674,130351
575,Chattanooga,TN,44.2327,-114.4111,0.0747,271241
531,Tri-Cities TN,TN,35.8743,-102.2,0.0748,231968
522,Columbus GA,GA,42.0819,-121.0843,0.0546,335481
698,Montgomery,AL,41.7115,-103.9358,0.0588,316284
691,Huntsville,AL,37.9891,-118.9783,0.0637,164828
642,Lafayette LA,LA,30.0432,-109.5185,0.0742,65755
716,Baton Rouge,LA,31.5403,-86.4785,0.0722,266382
692,Beaumont,TX,41.1815,-77.5379,0.0705,257833
625,Waco,TX,45.9238,-95.182,0.0495,216467
709,Tyler,TX,29.1218,-89.6543,0.0477,267988
636,McAllen,TX,33.244,-121.2089,0.0719,91434
800,Bakersfield,CA,29.633,-81.7573,0.069,79929
866,Fresno,CA,30.3727,-121.4573,0.0529,334964
828,Monterey,CA,45.8508,-92.7799,0.0575,67652
855,Santa Barbara,CA,32.6495,-116.8558,0.0608,129645
868,Chico-Redding,CA,31.5323,-78.1844,0.0529,374604
813,Medford,OR,42.8102,-108.3718,0.0542,307190
682,Quad Cities,IA,33.2752,-84.2271,0.0652,176307
637,Cedar Rapids,IA,28.3595,-98.2343,0.0461,144329
10107,Davenport,IA,46.2255,-117.0048,0.0592,271585
675,Peoria,IL,38.6452,-80.2299,0.0647,310649
610,Rockford,IL,32.196,-111.2104,0.0542,149136
648,Champaign,IL,41.7811,-92.1091,0.07,257178
7342,Springfield IL,IL,44.3213,-121.33,0.0745,372915
649,Evansville,IN,32.9841,-114.3274,0.0672,89294
509,Ft. Wayne,IN,35.4272,-98.2207,0.065,192814
588,South Bend,IN,41.5074,-119.8738,0.063,142177
582,Lafayette IN,IN,36.6936,-109.6276,0.0497,217452
581,Terre Haute,IN,38.6679,-110.511,0.0742,207292
5244,Bloomington IL,IL,28.0208,-104.0635,0.0557,293849
603,Joplin,MO,40.7923,-110.3356,0.0534,47595
604,Columbia MO,MO,43.9324,-115.2383,0.0477,352652
543,Springfield MA,MA,28.4386,-107.7005,0.0463,167059
552,Worcester,MA,46.6739,-81.8974,0.0475,126396
7881,Manchester NH,NH,42.0532,-98.773,0.0679,193990
3908,Bangor ME,ME,44.2881,-80.0787,0.0463,373902
516,Erie PA,PA,41.6705,-98.2396,0.0579,319599
577,Wilkes Barre,PA,39.0854,-83.7934,0.0676,53430
566,Harrisburg,PA,39.3892,-80.037,0.0698,165555
574,Johnstown,PA,28.8163,-92.0554,0.0476,100006
564,Charleston WV,WV,36.802,-119.6133,0.0563,54877
554,Wheeling,WV,41.273,-99.0032,0.0638,46737
598,Clarksburg,WV,29.3672,-78.1723,0.0587,325598
597,Parkersburg WV,WV,38.2568,-86.9508,0.0478,293438
559,Beckley WV,WV,29.4518,-109.5188,0.0526,152593
558,Lima OH,OH,40.6737,-100.364,0.0519,245571
569,Mansfield,OH,45.7541,-108.496,0.0473,69509
596,Zanesville,OH,40.5339,-118.3588,0.0635,122293
6989,Steubenville,OH,42.4927,-107.6924,0.0526,342670
821,Bend OR,OR,37.4072,-99.1675,0.049,97176
802,Eureka,CA,41.1763,-108.3297,0.0658,315813
804,Palm Springs,CA,37.085,-85.943,0.0536,332874
771,Yuma,AZ,47.0735,-77.996,0.051,54177
6497,Flagstaff,AZ,43.988,-76.4989,0.0588,280641
760,Twin Falls,ID,35.5435,-78.9219,0.0748,155472
761,Pocatello,ID,29.7609,-86.8681,0.0472,182263
766,Helena,MT,30.5858,-83.4498,0.0736,311728
755,Great Falls,MT,30.1972,-104.8361,0.0534,306036
754,Butte,MT,37.4797,-120.8328,0.0719,46882
798,Glendive,MT,41.291,-102.9453,0.0735,118771
764,Rapid City,SD,35.3341,-116.3173,0.0575,218709
687,Mitchell SD,SD,42.6393,-82.5618,0.0451,107936
688,Aberdeen SD,SD,31.817,-121.4491,0.0732,196955
5835,Minot ND,ND,35.6615,-75.0568,0.0562,353898
2938,Bismarck,ND,36.347,-109.0677,0.0558,70306
6321,Grand Forks,ND,44.2762,-108.5757,0.0481,123074
5771,Williston,ND,36.5067,-107.1667,0.0741,240742
8751,Anchorage 2,AK,43.8333,-92.3479,0.0715,335535
745,Fairbanks,AK,42.0317,-119.6746,0.0615,260422
747,Juneau,AK,42.677,-91.7089,0.0585,195055
746,North Slope,AK,45.7822,-96.1449,0.0596,134528
9480,Hilo,HI,33.494,-109.9801,0.0574,181403
8399,Kahului,HI,33.8663,-95.8059,0.0647,251762
3705,Lihue,HI,31.1523,-112.23,0.05,305610
